category;terms
Arts;"fine art"
Arts;"public art"
Arts;"painting"
Arts;"air"
Arts;"art classes"
Arts;"arrears"
Arts;"performing arts"
Arts;"visual arts"
Arts;"art centres"
Arts;"art programs"
Arts;"theatrical performances"
Arts;"art therapy"
Arts;"art organizations"
Arts;"arts and culture"
Arts;"art facilities"
Arts;"art workshops"
Arts;"theatrical productions"
Arts;"arts programs"
Arts;"performing arts centres"
Arts;"performing arts facilities"
Arts;"arts centres"
Arts;"arts and culture organizations"
Arts;"art councils"
Arts;"sidewalk artists"
Arts;"arts groups"
Arts;"outdoor art"
Arts;"art galleries (facilities)"
Arts;"entertainers"
Bikes;"bicycles"
Bikes;"bikes"
Bikes;"cyclists"
Bikes;"BMX"
Bikes;"cycling"
Bikes;"bicycling"
Bikes;"BMX bike riders"
Bikes;"bike parking"
Bikes;"motorcycles"
Bikes;"electric bikes"
Bikes;"bicycles (abandoned)"
Bikes;"bicycle parking"
Bikes;"electric bicycles"
Bikes;"e-bikes"
Bikes;"bicycle racks"
Bikes;"BMX bike parks"
Bikes;"cycling ambassadors"
Bikes;"bike courses"
Bikes;"bicycle sharing"
Bikes;"bike o-rings"
Bikes;"bicycle stations"
Bikes;"bicycle lanes"
Bikes;"cycling accidents"
Bikes;"bike locker"
Bikes;"bike rentals"
Bikes;"bicycle rentals"
Bikes;"electric-assisted bikes"
Bikes;"bike lanes"
Business;"commercial"
Business;"commercial landlords"
Business;"corporate sponsorship"
Business;"corporate campaigns"
Business;"industry"
Business;"employers"
Business;"commercial tenants"
Business;"corporations"
Business;"manufacturing industry"
Business;"business start-up"
Business;"sidewalk vending"
Business;"street vending"
Business;"BIA"
Business;"business start up"
Business;"bake shops"
Business;"corporate bodies"
Business;"merchandise displays"
Business;"shops"
Business;"businesses"
Business;"small businesses"
Business;"curblane vending"
Childcare;"preschool learning"
Childcare;"child care"
Childcare;"preschool education"
Childcare;"day nurseries"
Childcare;"preschools"
Childcare;"day cares"
Childcare;"child rearing"
Childcare;"child care centres"
Childcare;"child care financial assistance"
Childcare;"child care fee subsidy"
Childcare;"early childhood education"
Childcare;"subsidized day care"
Childcare;"childcare"
Childcare;"preschool programs"
Childcare;"nursery schools"
Childcare;"home child care providers"
Childcare;"child care facilities"
Childcare;"child care agencies"
Childcare;"child care subsidy"
Childcare;"after school care"
Childcare;"summer day camps"
Childcare;"financial assistance for child care"
Childcare;"subsidized child care"
Childcare;"pre-school programs"
Climate;"climate"
Climate;"climate change"
Climate;"greenhouse effect"
Climate;"greenhouse gas emissions"
Climate;"climate protection"
Climate;"environmental policy"
Climate;"environmental policies"
Climate;"environmental impact"
Climate;"winter maintenance"
Climate;"environmental impacts"
Climate;"environmental initiatives"
Construction;"bridge construction"
Construction;"builders"
Construction;"sidewalk brick installation"
Construction;"road construction"
Construction;"construction"
Construction;"road reconstruction"
Construction;"bridge reconstruction"
Construction;"build toronto"
Construction;"rebuilding"
Construction;"building permits"
Construction;"building permit fees"
Construction;"scaffolding"
Construction;"reconstruction"
Construction;"construction permits (right-of-way)"
Construction;"building plans"
Construction;"building regulations consultant"
Construction;"building regulation consultants"
Construction;"residential infill"
Construction;"redevelopment"
Construction;"developing land"
Construction;"development"
Construction;"development charges"
Cost of Living;"rent"
Cost of Living;"fares"
Cost of Living;"rent reduction"
Cost of Living;"financial subsidy"
Cost of Living;"subsidized housing"
Cost of Living;"subsidized child care"
Cost of Living;"government subsidized prescription drug benefits"
Cost of Living;"subsidized rent"
Cost of Living;"poverty"
Cost of Living;"economic indicators"
Democracy;"civic engagement"
Democracy;"people in government"
Democracy;"early voting"
Democracy;"elections"
Democracy;"public participation"
Democracy;"voting"
Democracy;"advance vote"
Democracy;"by elections"
Democracy;"voters"
Democracy;"election results"
Democracy;"voting system reform"
Dogs;"dogs"
Dogs;"dog bites"
Dogs;"dog licenses"
Dogs;"dog licences"
Dogs;"dog walker"
Dogs;"dog parks"
Dogs;"dogs off-leash areas"
Dogs;"dog off-leash areas"
Dogs;"dog tags"
Dogs;"leash free dog walking areas"
